,City,Lat,Lng,Max Temp,Humidity,Cloudiness,Wind Speed,Country,Date
0,tasiilaq,65.6145,-37.6368,28.4,93,75,18.41,GL,1620782037
1,mount gambier,53.6597,-1.8537,43.0,96,56,2.33,GB,1620782608
2,alice springs,27.7523,-98.0697,84.2,78,40,14.97,US,1620782609
3,cidreira,-30.1811,-50.2056,58.33,71,100,8.21,BR,1620782063
4,beringovskiy,63.05,179.3167,32.16,99,100,3.29,RU,1620782026
5,yellowknife,62.456,-114.3525,36.0,60,75,10.36,CA,1620781979
6,atuona,-9.8,-139.0333,80.13,80,13,24.63,PF,1620782614
7,ponta delgada,38.7333,-28.2667,56.46,81,6,10.31,PT,1620782615
8,baghmara,23.795,86.2085,80.28,59,0,3.78,IN,1620782616
9,cape town,-36.413,-71.9028,55.0,100,44,2.3,CL,1620782618
10,tura,25.5198,90.2201,70.21,86,100,2.55,IN,1620782103
11,poum,-20.2333,164.0167,79.68,76,100,14.23,NC,1620782098
12,shelburne,44.0787,-80.2041,42.01,79,100,1.01,CA,1620782621
13,bengkulu,-3.8004,102.2655,79.0,88,91,2.98,ID,1620782029
14,ushuaia,-54.8,-68.3,55.4,44,75,10.36,AR,1620782624
15,avarua,-21.2078,-159.775,77.0,83,40,3.44,CK,1620782084
16,oyon,-10.6681,-76.7731,43.59,87,5,6.55,PE,1620782626
17,rikitea,-23.1203,-134.9692,77.99,77,43,22.44,PF,1620782627
18,kavaratti,10.5669,72.642,85.03,71,100,6.35,IN,1620782046
19,castro,-24.7911,-50.0119,62.47,63,100,2.53,BR,1620782630
20,chake chake,23.86,103.046,72.77,55,3,6.53,CN,1620782631
21,amapa,1.0,-52.0,70.14,99,100,1.05,BR,1620782632
22,cayenne,4.9333,-52.3333,79.0,88,90,2.3,GF,1620782633
23,baruun-urt,46.6806,113.2792,47.55,38,3,12.84,MN,1620782635
24,catamarca,-28.4696,-65.7852,57.99,83,8,7.81,AR,1620782636
25,norden,53.6,7.2,50.0,98,100,1.99,DE,1620782637
26,patna,25.6,85.1167,69.8,88,75,6.91,IN,1620782639
27,provideniya,64.3833,-173.3,35.6,80,90,13.42,RU,1620782640
28,bredasdorp,-34.5322,20.0403,55.4,82,0,6.91,ZA,1620782641
29,houma,29.5958,-90.7195,75.0,100,90,13.8,US,1620782132
30,mar del plata,43.4002,-4.0094,59.0,51,0,9.22,ES,1620782644
31,paita,-5.0892,-81.1144,69.89,74,0,16.58,PE,1620782645
32,yertsevo,60.7966,40.086,48.15,94,9,4.56,RU,1620782646
33,gotsu,35.0,132.2167,66.2,77,100,3.44,JP,1620782648
34,fairbanks,64.8378,-147.7164,62.6,33,90,6.91,US,1620782649
35,luderitz,-26.6481,15.1594,68.18,44,0,7.49,NA,1620782050
36,mataura,-46.1927,168.8643,48.99,77,8,3.0,NZ,1620782651
37,kapaa,22.0752,-159.319,80.6,61,20,13.8,US,1620782652
38,san rafael,13.3034,-4.8956,90.52,32,99,8.7,ML,1620782654
39,saskylakh,71.9167,114.0833,22.44,85,100,10.25,RU,1620782573
40,jamestown,42.097,-79.2353,44.01,65,90,6.91,US,1620782650
41,talnakh,69.4865,88.3972,33.48,100,100,3.76,RU,1620782657
42,san francisco del mar,13.3034,-4.8956,90.52,32,99,8.7,ML,1620782659
43,arraial do cabo,-22.8362,-46.646,70.0,56,0,10.36,BR,1620782660
44,punta arenas,8.9897,125.34,85.82,65,19,5.66,PH,1620782661
45,east london,65.0,-15.0,28.4,74,75,4.61,IS,1620782662
46,butaritari,3.0707,172.7902,82.69,74,100,11.92,KI,1620782664
47,ughelli,5.4899,6.0074,75.2,93,82,3.24,NG,1620782665
48,laguna,38.421,-121.4238,95.0,7,1,4.61,US,1620782666
49,grand river south east,38.8755,-109.5012,66.99,11,1,3.44,US,1620782668
50,abu samrah,24.6,72.7,68.16,66,21,7.23,IN,1620782669
51,maceio,-9.6658,-35.7353,73.4,100,90,6.91,BR,1620782580
52,vila,42.0304,-8.1588,50.0,93,94,24.0,PT,1620782671
53,sao mateus,20.5113,76.2129,77.5,50,8,11.32,IN,1620782673
54,codrington,-38.2667,141.9667,56.62,58,0,9.37,AU,1620782117
55,jiazi,22.8779,116.067,84.04,74,27,12.55,CN,1620782675
56,port alfred,-7.0349,29.7638,68.4,74,0,6.2,CD,1620782676
57,arman,59.7,150.1667,42.84,63,25,4.29,RU,1620782678
58,vao,-22.6667,167.4833,74.91,78,97,19.64,NC,1620782679
59,vaini,-21.2,-175.2,78.8,69,75,11.5,TO,1620782680
60,saint-philippe,-21.3585,55.7679,71.6,68,0,6.91,RE,1620782682
61,sabang,5.8933,95.3214,83.62,73,29,2.42,ID,1620782123
62,hobart,-42.8794,147.3294,55.4,50,75,6.91,AU,1620782684
63,hermanus,-34.4187,19.2345,57.99,81,0,1.99,ZA,1620782685
64,albany,42.6001,-73.9662,48.99,44,0,10.0,US,1620782641
65,saint-gaudens,43.0833,0.6667,46.4,76,90,3.44,FR,1620782688
66,kamir,30.4333,73.05,83.34,34,67,4.54,PK,1620782689
67,hit,33.6416,42.8251,78.85,32,6,6.02,IQ,1620782690
68,bluff,-46.6,168.3333,48.99,77,32,3.0,NZ,1620782692
69,cassilandia,-19.1133,-51.7342,69.33,45,10,3.6,BR,1620782693
70,puri,19.8,85.85,81.0,94,20,3.44,IN,1620782694
71,belmonte,-15.8631,-38.8828,68.0,83,20,4.61,BR,1620782696
72,saldanha,-33.0117,17.9442,50.0,87,0,3.44,ZA,1620782697
73,khatanga,71.9667,102.5,33.13,100,100,11.99,RU,1620782698
74,winburg,-28.518,27.0093,48.88,53,0,2.62,ZA,1620782700
75,nuoro,40.3211,9.3297,57.2,58,0,14.97,IT,1620782701
76,warrnambool,-38.3833,142.4833,57.99,76,0,7.0,AU,1620782704
77,georgetown,5.4112,100.3354,84.2,83,20,4.61,MY,1620782456
78,keti bandar,40.8737,43.8448,35.6,87,0,3.22,AM,1620782707
79,san patricio,13.3034,-4.8956,90.52,32,99,8.7,ML,1620782708
80,heihe,50.2441,127.4902,50.0,87,40,29.08,CN,1620782709
81,goma,-1.6792,29.2228,61.3,94,100,4.29,CD,1620782710
82,west bay,31.8024,-97.0917,64.4,100,75,9.22,US,1620782660
83,busselton,-33.65,115.3333,57.99,92,100,4.0,AU,1620782713
84,dubna,56.7333,37.1667,49.41,96,1,3.49,RU,1620782714
85,yingkou,40.6648,122.2283,60.19,71,95,6.29,CN,1620782716
86,hilo,19.7297,-155.09,82.4,54,90,11.5,US,1620782602
87,nikolskoye,59.7035,30.7861,55.0,62,0,4.47,RU,1620782718
88,katangli,51.7102,143.2326,47.05,43,2,5.88,RU,1620782719
89,tam ky,13.1339,12.1367,85.53,29,4,6.15,NE,1620782721
90,new norfolk,6.6518,-10.5932,75.2,94,75,4.61,LR,1620782630
91,hithadhoo,-0.6,73.0833,81.73,77,95,11.72,MV,1620782723
92,krasnoselkup,65.7,82.4667,35.13,97,100,13.4,RU,1620782724
93,kirakira,-10.4544,161.9205,85.59,65,85,5.57,SB,1620782726
94,airai,-8.9266,125.4092,69.39,57,1,4.23,TL,1620782727
95,taoudenni,22.6783,-3.9836,91.92,8,0,8.23,ML,1620782467
96,tabursuq,36.4569,9.2475,60.8,55,20,8.05,TN,1620782729
97,constitucion,-35.3333,-72.4167,54.5,68,11,7.94,CL,1620782522
98,tucuma,-0.1833,-50.05,74.95,95,100,4.14,BR,1620782732
99,nanortalik,60.1432,-45.2371,39.29,67,96,3.13,GL,1620782733
100,lebu,-37.6167,-73.65,50.32,82,89,9.91,CL,1620782734
101,saint-pierre,-21.3393,55.4781,71.6,68,0,6.91,RE,1620782736
102,mitsamiouli,-11.3847,43.2844,78.84,64,84,9.57,KM,1620782737
103,araouane,18.9048,-3.5265,91.71,16,62,6.85,ML,1620782467
104,hambantota,6.1241,81.1185,77.0,100,20,2.3,LK,1620782740
105,carnarvon,-24.8667,113.6333,71.6,64,0,5.75,AU,1620782443
106,chokurdakh,70.6333,147.9167,25.7,89,98,5.86,RU,1620782742
107,norman wells,35.2226,-97.4395,52.0,87,90,16.11,US,1620782458
108,qandala,11.472,49.8728,85.73,68,100,4.05,SO,1620782745
109,puerto ayora,36.5939,-6.233,59.0,72,0,5.75,ES,1620782746
110,guerrero negro,17.6667,-100.0,73.81,78,100,5.88,MX,1620782747
111,port macquarie,-7.0349,29.7638,68.4,74,0,6.2,CD,1620782749
112,thompson,55.7435,-97.8558,64.4,25,20,9.22,CA,1620782750
113,chipata,-13.6333,32.65,59.76,74,94,4.85,ZM,1620782751
114,teya,60.3778,92.6267,43.07,68,2,2.8,RU,1620782153
115,evensk,61.95,159.2333,35.53,93,23,6.73,RU,1620782754
116,batticaloa,7.7102,81.6924,80.35,82,99,5.21,LK,1620782755
117,bambous virieux,-20.2567,57.4061,72.0,94,40,3.44,MU,1620782756
118,helong,42.5397,128.9972,60.93,42,100,4.14,CN,1620782758
119,khasan,42.4308,130.6434,51.64,78,87,11.43,RU,1620782759
120,nosy varika,51.9889,20.7953,60.01,47,5,13.49,PL,1620782760
121,porto seguro,41.1496,-8.611,59.0,94,75,13.8,PT,1620782762
122,okahandja,-21.9833,16.9167,55.0,50,0,5.75,NA,1620782763
123,parauna,-16.9478,-50.4486,65.07,47,78,2.48,BR,1620782764
124,severo-kurilsk,50.6789,156.125,37.22,85,55,10.6,RU,1620782766
125,hofn,64.2539,-15.2082,34.65,69,97,2.93,IS,1620782767
126,richards bay,46.8361,-95.9123,57.2,23,1,4.61,US,1620782768
127,padang,-0.9492,100.3543,75.2,94,75,5.75,ID,1620782770
128,villa de reyes,46.2039,10.1339,51.01,92,100,5.3,IT,1620782771
129,neuquen,-38.9516,-68.0591,41.0,93,0,3.6,AR,1620782772
130,dikson,73.5069,80.5464,28.2,93,100,19.35,RU,1620782773
131,galle,6.0367,80.217,81.03,77,100,0.4,LK,1620782775
132,katsuura,35.1333,140.3,70.0,59,75,8.05,JP,1620782776
133,adrar,20.5022,-10.0711,83.19,12,0,13.02,MR,1620782777
134,haines junction,59.2286,-135.4441,53.6,66,90,5.75,US,1620782778
135,novoplatnirovskaya,46.1065,39.4191,48.0,74,100,13.11,RU,1620782780
136,capoeiras,-8.7347,-36.6267,64.85,96,100,6.89,BR,1620782781
137,torbay,47.6666,-52.7314,43.0,81,75,10.36,CA,1620782782
138,kiunga,-6.1219,141.2906,84.54,72,66,0.67,PG,1620782590
139,san rafael del sur,13.3034,-4.8956,90.52,32,99,8.7,ML,1620782785
140,bestobe,52.4994,73.0975,52.23,52,0,8.37,KZ,1620782786
141,makakilo city,21.3524,-158.0865,82.4,51,75,13.8,US,1620782787
142,chillicothe,39.3331,-82.9824,48.0,57,1,3.44,US,1620782789
143,sistranda,63.7256,8.834,44.6,87,0,5.75,NO,1620782790
144,biak,-0.9131,122.8766,82.44,69,40,5.17,ID,1620782791
145,rosiori de vede,44.8,27.3833,51.53,58,0,4.76,RO,1620782792
146,saint-honore,48.5334,-71.0824,53.01,66,45,3.44,CA,1620782794
147,vilyuysk,63.7553,121.6247,39.72,43,17,9.06,RU,1620782795
148,romny,50.751,33.4747,44.49,87,100,13.11,UA,1620782796
149,sitka,57.0531,-135.33,46.4,76,90,4.14,US,1620782798
150,hoopstad,-27.8327,25.9083,56.16,34,0,3.44,ZA,1620782799
151,ribeira grande,42.7461,-8.4439,57.0,82,75,17.27,ES,1620782800
152,arica,-18.475,-70.3042,66.2,72,90,0.54,CL,1620782622
153,santo antonio do ica,-0.5854,-80.0049,70.0,92,32,3.47,EC,1620782802
154,caravelas,-17.7125,-39.2481,70.07,74,0,5.12,BR,1620782804
155,dunedin,-45.8742,170.5036,54.0,36,7,3.0,NZ,1620782805
156,kalemie,-5.9475,29.1947,67.42,80,15,2.24,CD,1620782806
157,pontianak,-0.0333,109.3333,81.73,87,85,1.92,ID,1620782808
158,marfino,55.7028,37.3822,53.6,82,0,4.47,RU,1620782809
159,lagoa,39.05,-27.9833,60.78,83,7,12.75,PT,1620782810
160,tazovskiy,67.4667,78.7,30.04,89,100,7.47,RU,1620782812
161,kalmar,56.6616,16.3616,54.0,93,4,3.44,SE,1620782813
162,bilibino,68.0546,166.4372,29.07,76,96,2.01,RU,1620782814
163,husavik,66.0449,-17.3389,30.2,64,0,6.49,IS,1620782815
164,kirundo,-2.5833,30.1667,64.0,100,100,3.0,BI,1620782817
165,lebane,42.9239,21.7375,64.4,39,0,17.27,RS,1620782818
166,mehamn,71.0357,27.8492,36.16,81,80,7.52,NO,1620782819
167,princeton,25.5384,-80.4089,81.0,78,1,4.61,US,1620782821
168,lewiston,44.1003,-70.2148,50.0,50,75,5.75,US,1620782690
169,boa vista,4.4296,8.9742,77.85,89,100,1.74,CM,1620782823
170,verkhnevilyuysk,63.4453,120.3167,40.3,51,54,7.0,RU,1620782824
171,sambava,-14.2667,50.1667,72.86,87,21,9.93,MG,1620782825
172,ust-nera,64.5667,143.2,40.51,73,100,4.03,RU,1620782827
173,ramganj,23.1,90.85,77.74,73,3,3.18,BD,1620782828
174,ilulissat,69.2167,-51.1,32.0,86,75,2.3,GL,1620782829
175,sorong,-0.8833,131.25,84.43,72,55,4.03,ID,1620782831
176,northam,51.0333,-4.2167,46.99,94,71,5.01,GB,1620782832
177,pontarlier,46.8333,6.25,42.01,92,83,5.99,FR,1620782833
178,marsaxlokk,35.8419,14.5431,63.0,88,20,9.22,MT,1620782835
179,shihezi,44.3,86.0333,63.64,55,36,2.46,CN,1620782836
180,tuatapere,-46.1333,167.6833,48.99,77,12,3.0,NZ,1620782837
181,wellington,-41.2866,174.7756,51.8,93,75,28.77,NZ,1620782709
182,sao filipe,20.5113,76.2129,77.5,50,8,11.32,IN,1620782839
183,kumhari,21.2667,81.5167,75.2,94,96,3.44,IN,1620782841
184,longyearbyen,78.2186,15.6401,21.2,86,75,2.3,SJ,1620782842
185,fort morgan,52.6517,6.3861,53.01,91,100,5.53,NL,1620782578
186,lac-megantic,45.5834,-70.8823,44.01,87,20,4.61,CA,1620782844
187,bethanien,-26.502,17.1583,62.85,23,0,4.74,NA,1620782846
188,mogadishu,2.0371,45.3438,80.37,79,100,20.11,SO,1620782847
189,novyy buyan,45.0072,38.9819,48.2,81,0,8.95,RU,1620782848
190,victoria,22.2855,114.1577,87.01,79,5,1.01,HK,1620782643
191,dobson,36.3957,-80.7226,61.0,77,1,2.48,US,1620782851
192,papara,-3.9839,-38.7273,82.4,78,75,5.75,BR,1620782852
193,changtu,42.7788,124.0955,60.21,63,100,16.96,CN,1620782853
194,qaanaaq,77.484,-69.3632,21.74,85,100,5.21,GL,1620782855
195,klyuchi,52.2667,79.1667,54.34,54,11,12.68,RU,1620782856
196,imeni poliny osipenko,7.3199,5.9646,72.23,96,7,4.25,NG,1620782858
197,nicoya,10.1483,-85.452,80.6,74,40,5.75,CR,1620782859
198,roebourne,-20.7833,117.1333,81.97,33,0,9.98,AU,1620782860
199,nuuk,64.1835,-51.7216,33.8,86,30,5.75,GL,1620782862
200,tuktoyaktuk,69.4541,-133.0374,24.8,86,40,21.85,CA,1620782863
201,manadhoo,5.7667,73.3833,79.57,90,100,24.54,MV,1620782864
202,lompoc,34.6391,-120.4579,62.01,77,12,11.5,US,1620782865
203,rundu,-17.9333,19.7667,54.52,47,0,4.61,NA,1620782867
204,bantry,51.6833,-9.45,46.4,93,75,9.22,IE,1620782868
205,svetlyy,54.675,20.1347,57.2,54,0,11.18,RU,1620782869
206,safford,32.834,-109.7076,89.6,4,1,13.8,US,1620782870
207,cervo,43.6702,-7.4101,50.0,100,62,10.0,ES,1620782872
208,ossora,59.2353,163.0719,33.57,85,100,5.7,RU,1620782873
209,natal,-5.795,-35.2094,77.0,88,40,6.91,BR,1620782874
210,leningradskiy,69.3833,178.4167,30.22,90,100,8.72,RU,1620782876
211,coquimbo,-29.9533,-71.3436,55.4,88,90,3.44,CL,1620782877
212,shillong,25.5689,91.8831,71.6,83,75,5.75,IN,1620782878
213,srandakan,-7.9386,110.2506,81.73,76,87,6.53,ID,1620782879
214,milkovo,54.7167,158.6167,45.0,49,94,1.45,RU,1620782881
215,upernavik,72.7868,-56.1549,27.86,97,99,5.1,GL,1620782882
216,torres,-29.3353,-49.7269,59.49,79,100,8.75,BR,1620782883
217,abu zabad,24.6,72.7,68.16,66,21,7.23,IN,1620782669
218,dondo,-19.6094,34.7431,73.4,83,40,2.89,MZ,1620782886
219,palimbang,6.2106,124.1894,85.15,72,76,3.4,PH,1620782887
220,waingapu,-9.6567,120.2641,82.81,66,9,13.65,ID,1620782888
221,gushikawa,26.3544,127.8686,82.4,78,75,14.97,JP,1620782889
222,barrow,71.2906,-156.7887,17.6,79,90,13.8,US,1620782891
223,panzhihua,26.5851,101.7128,76.39,44,25,1.48,CN,1620782892
224,arlit,18.7369,7.3853,90.03,8,0,7.49,NE,1620782893
225,awjilah,29.1081,21.2869,78.39,19,0,7.58,LY,1620782895
226,fortuna,40.5982,-124.1573,63.0,76,1,14.97,US,1620782896
227,lata,40.1629,-8.3327,61.0,74,100,8.77,PT,1620782897
228,ishigaki,24.3448,124.1572,86.0,84,40,14.97,JP,1620782899
229,maniitsoq,65.4167,-52.9,33.3,81,44,2.68,GL,1620782900
230,cabo san lucas,-8.2833,-35.0333,73.4,88,75,5.75,BR,1620782901
231,novyy urengoy,45.0072,38.9819,48.2,81,0,8.95,RU,1620782903
232,margate,51.3813,1.3862,50.0,73,5,4.0,GB,1620782904
233,saint-augustin,51.226,-58.6502,37.99,96,100,12.68,CA,1620782905
234,tevriz,57.509,72.4042,54.72,55,100,5.1,RU,1620782906
235,cotonou,6.3654,2.4183,82.4,78,40,11.5,BJ,1620782908
236,izumo,35.3667,132.7667,64.4,59,90,20.71,JP,1620782909
237,coahuayana,18.7333,-103.6833,81.73,71,100,3.24,MX,1620782910
238,port hedland,-7.0349,29.7638,68.4,74,0,6.2,CD,1620782912
239,kaitangata,-46.2817,169.8464,48.99,65,27,4.12,NZ,1620782913
240,souillac,-20.5167,57.5167,69.8,94,40,3.44,MU,1620782914
241,basco,20.4487,121.9702,82.94,86,0,18.75,PH,1620782915
242,topeka,39.0483,-95.678,55.4,67,90,3.44,US,1620782713
243,mount holly,53.6597,-1.8537,43.0,96,56,2.33,GB,1620782918
244,rocha,-34.4833,-54.3333,54.23,67,100,5.88,UY,1620782919
245,molina,-35.1167,-71.2833,51.01,93,18,3.15,CL,1620782920
246,grafing,48.0503,11.9661,48.0,94,100,3.0,DE,1620782922
247,cortez,37.3489,-108.5859,66.2,9,1,6.91,US,1620782923
248,shingu,33.7333,135.9833,68.0,73,90,12.66,JP,1620782924
249,togitsu,32.8333,129.85,66.2,100,75,6.91,JP,1620782926
250,hay river,52.0705,-3.1274,45.0,91,27,1.01,GB,1620782927
251,kedougou,12.5579,-12.1743,98.6,30,75,6.91,SN,1620782928
252,gat,31.61,34.7642,64.99,40,0,3.0,IL,1620782930
253,ganzhou,28.8184,115.4327,72.93,87,100,2.73,CN,1620782931
254,rio grande,38.3,21.7833,55.4,94,0,3.36,GR,1620782932
255,namatanai,-3.6667,152.4333,84.34,69,63,3.51,PG,1620782933
256,port elizabeth,-7.0349,29.7638,68.4,74,0,6.2,CD,1620782749
257,cedar city,41.2122,-92.5257,57.2,35,1,6.91,US,1620782936
258,zachary,30.6485,-91.1565,75.2,78,1,5.75,US,1620782937
259,abbeville,50.1,1.8333,46.99,82,9,8.08,FR,1620782938
260,grindavik,63.8424,-22.4338,37.4,87,20,4.61,IS,1620782939
261,buta,2.7858,24.73,68.97,99,100,0.6,CD,1620782941
262,kismayo,-0.3582,42.5454,78.69,79,77,17.07,SO,1620782942
263,tongzi,28.7829,105.0877,71.83,76,99,1.54,CN,1620782943
264,murgab,37.4966,61.9714,60.8,63,0,7.63,TM,1620782945
265,champerico,14.3,-91.9167,86.0,79,20,6.91,GT,1620782946
266,westport,41.1415,-73.3579,57.2,38,1,8.05,US,1620782947
267,belaya gora,49.029,25.7706,55.0,46,0,7.54,UA,1620782949
268,nhulunbuy,-12.2333,136.7667,86.0,58,40,18.41,AU,1620782950
269,zhezkazgan,47.8043,67.7144,50.52,48,0,13.0,KZ,1620782951
270,ponta do sol,38.7333,-28.2667,56.46,81,6,10.31,PT,1620782953
271,himatnagar,23.6,72.95,82.4,74,7,8.05,IN,1620782954
272,cherskiy,68.75,161.3,24.91,81,82,3.8,RU,1620782955
273,carson city,33.8314,-118.282,71.01,72,20,14.97,US,1620782737
274,chuy,-33.6971,-53.4616,50.83,77,53,7.54,UY,1620782957
275,cabras,39.93,8.5314,52.0,90,43,14.0,IT,1620782959
276,isangel,-19.55,169.2667,84.2,70,40,13.8,VU,1620782960
277,lavrentiya,65.5833,-171.0,34.99,99,100,4.59,RU,1620782961
278,hobyo,5.3505,48.5268,79.25,80,100,7.85,SO,1620782963
279,hasaki,35.7333,140.8333,70.0,48,75,11.5,JP,1620782964
280,kultuk,51.7208,103.6956,50.7,60,1,4.38,RU,1620782965
281,nome,64.5011,-165.4064,52.0,75,1,5.75,US,1620782841
282,nara,34.6851,135.8049,69.8,64,75,16.11,JP,1620782968
283,yulara,-25.2406,130.9889,64.4,45,0,11.5,AU,1620782969
284,krasnorechenskiy,44.6265,135.3532,46.24,78,100,5.59,RU,1620782970
285,nemuro,43.3236,145.575,50.0,62,75,6.91,JP,1620782972
286,ambilobe,-13.2,49.05,69.58,95,77,3.71,MG,1620782973
287,vostok,46.4856,135.8833,55.53,44,94,6.35,RU,1620782974
288,iquitos,-3.7481,-73.2472,75.2,94,75,2.3,PE,1620782976
289,fort saint john,52.6517,6.3861,53.01,94,100,1.01,NL,1620782977
290,asau,46.4333,26.4,43.0,64,0,3.09,RO,1620782978
291,myitkyina,25.3833,97.4,70.65,92,100,1.74,MM,1620782980
292,siniscola,40.5719,9.6922,57.2,82,0,18.41,IT,1620782981
293,beloha,-25.1667,45.05,61.68,94,0,5.03,MG,1620782982
294,aykhal,66.0,111.5,25.88,80,6,6.04,RU,1620782984
295,port hawkesbury,-7.0349,29.7638,68.4,74,0,6.2,CD,1620782985
296,sao felix do xingu,20.5113,76.2129,77.5,50,8,11.32,IN,1620782986
297,bemidji,47.4736,-94.8803,57.2,24,1,3.44,US,1620782987
298,pisco,-13.7,-76.2167,64.99,82,5,4.61,PE,1620782693
299,fairlie,55.756,-4.8556,46.0,91,100,6.29,GB,1620782990
300,bwanga,-3.0308,31.7601,61.14,97,98,3.94,TZ,1620782991
301,bethel,41.3712,-73.414,55.4,35,40,3.44,US,1620782992
302,yeppoon,-23.1333,150.7333,82.4,61,40,8.05,AU,1620782994
303,mayumba,-3.432,10.6554,77.99,90,100,4.94,GA,1620782995
304,soubre,5.7856,-6.6083,73.54,98,91,2.24,CI,1620782996
305,ayan,56.45,138.1667,34.57,79,100,3.06,RU,1620782998
306,awbari,26.5921,12.7805,87.13,13,83,8.46,LY,1620782999
307,makokou,0.5738,12.8642,70.92,96,68,1.97,GA,1620783001
308,mys shmidta,62.0589,48.6201,52.25,83,100,6.64,RU,1620783002
309,svetlaya,46.5389,138.3297,44.55,85,78,10.76,RU,1620783004
310,aasiaat,68.7098,-52.8699,30.31,94,98,7.16,GL,1620783006
311,sao joao da barra,20.5113,76.2129,77.5,50,8,11.32,IN,1620782986
312,chara,56.9064,118.2631,41.36,60,75,4.56,RU,1620783008
313,coihaique,-45.5752,-72.0662,50.0,62,0,6.91,CL,1620783009
314,kloulklubed,7.0419,134.2556,80.6,83,90,11.5,PW,1620783011
315,baculin,7.4525,126.5842,85.06,69,95,5.82,PH,1620783012
316,cacador,-26.7753,-51.015,56.52,99,100,2.24,BR,1620783013
317,narimanov,46.6927,47.8498,50.0,71,0,4.47,RU,1620783015
318,mbaiki,3.8678,17.9892,69.62,96,44,2.17,CF,1620783016
319,nelson bay,-41.2833,173.2833,52.0,95,100,1.01,NZ,1620782920
320,caibarien,22.5206,-79.4669,80.6,78,14,11.5,CU,1620783018
321,moa,20.6569,-74.9403,77.92,87,100,11.65,CU,1620782764
322,uvinza,-5.1036,30.3911,63.05,96,54,0.81,TZ,1620783021
323,zhigansk,66.7697,123.3711,32.65,62,8,13.24,RU,1620783022
324,acajutla,13.5928,-89.8275,75.99,88,13,1.99,SV,1620782803
325,gilbues,-9.8317,-45.3439,73.18,58,36,3.53,BR,1620783024
326,kununurra,-15.7667,128.7333,84.2,32,0,17.27,AU,1620783026
327,blythe,33.6103,-114.5964,95.0,11,1,4.61,US,1620783027
328,hamilton,39.1834,-84.5333,53.01,43,75,9.22,US,1620783028
329,iacu,-12.7672,-40.2117,63.36,89,3,1.28,BR,1620783029
330,meadow lake,45.5291,-102.2163,55.99,40,59,1.01,US,1620783031
331,iqaluit,63.7506,-68.5145,30.2,86,75,8.05,CA,1620783017
332,lazaro cardenas,19.4558,-71.3261,80.01,74,96,8.99,DO,1620783033
333,rafaela,-31.2503,-61.4867,48.99,45,0,1.79,AR,1620783034
334,ferkessedougou,9.6,-5.2,75.88,76,54,1.54,CI,1620783036
335,faanui,-16.4833,-151.75,81.73,75,22,18.48,PF,1620783037
336,alofi,-19.0595,-169.9187,77.0,88,75,19.57,NU,1620783038
337,baoshan,46.5586,131.4244,52.56,71,100,11.16,CN,1620783040
338,port blair,-7.0349,29.7638,68.4,74,0,6.2,CD,1620782749
339,kavieng,-2.5744,150.7967,81.54,78,88,8.7,PG,1620783043
340,jumla,29.2747,82.1838,56.14,74,64,4.0,NP,1620783044
341,aloleng,16.1307,119.7824,87.94,63,7,5.46,PH,1620783045
342,mnogovershinnyy,53.9353,139.9242,51.31,44,17,4.21,RU,1620783046
343,terrace,54.5163,-128.6035,60.8,48,90,9.22,CA,1620783041
344,tumpat,6.1978,102.171,82.4,89,20,2.3,MY,1620783049
345,ikom,5.9667,8.7063,77.09,91,100,2.59,NG,1620783050
346,bathsheba,13.2167,-59.5167,75.2,73,75,17.27,BB,1620783051
347,college,64.8569,-147.8028,62.6,36,75,10.36,US,1620783053
348,union,40.6334,-74.2663,57.2,38,75,8.05,US,1620783054
349,mahon,39.8885,4.2658,55.4,88,0,4.61,ES,1620783055
350,rioblanco,3.5308,-75.6806,60.3,95,100,4.63,CO,1620783057
351,vangaindrano,-23.35,47.6,66.83,91,14,5.61,MG,1620783058
352,kodiak,57.79,-152.4072,42.17,80,100,1.88,US,1620783059
353,taiping,4.85,100.7333,78.8,89,20,4.61,MY,1620783061
354,petropavlovsk-kamchatskiy,53.0452,158.6483,50.0,32,38,6.71,RU,1620783062
355,vila velha,42.0304,-8.1588,50.0,93,85,25.99,PT,1620783064
356,aksu,41.1231,80.2644,69.24,21,100,5.1,CN,1620783066
357,antalaha,-14.9003,50.2788,71.51,83,7,6.93,MG,1620783067
358,yaviza,8.1537,-77.6931,77.4,96,99,0.63,PA,1620783069
359,bandarbeyla,9.4942,50.8122,80.4,67,100,16.78,SO,1620783070
360,baykit,61.67,96.37,44.4,57,7,0.94,RU,1620783071
361,waling,27.9833,83.7667,72.23,64,92,2.66,NP,1620783073
362,rosarito,32.3333,-117.0333,66.2,72,1,8.05,MX,1620783074
363,vardo,70.3705,31.1107,38.71,92,100,8.14,NO,1620783075
364,bozhou,33.8772,115.7703,76.69,52,31,5.84,CN,1620783076
365,port lincoln,-7.0349,29.7638,68.47,72,0,5.64,CD,1620783078
366,reconquista,-29.15,-59.65,48.34,70,4,6.13,AR,1620783079
367,ranau,5.9538,116.6641,87.8,79,20,4.61,MY,1620783080
368,posse,-14.0931,-46.3694,64.53,61,15,5.39,BR,1620783082
369,aripuana,-9.1667,-60.6333,75.78,79,78,1.16,BR,1620783083
370,ilhabela,-23.7781,-45.3581,67.37,88,46,3.49,BR,1620783084
371,bonavista,48.6499,-53.1147,42.01,87,95,4.61,CA,1620783086
372,novodolinskiy,49.705,72.7047,41.0,87,0,2.24,KZ,1620783087
373,susangerd,31.5608,48.1831,84.2,30,18,2.3,IR,1620783088
374,sorland,67.667,12.6934,42.28,93,100,19.82,NO,1620783090
375,saveh,35.0213,50.3566,64.47,68,2,1.7,IR,1620783091
376,mookane,-23.688,26.6595,58.51,49,0,2.51,BW,1620783092
377,dhidhdhoo,6.8833,73.1,80.08,92,100,21.61,MV,1620783093
378,nizhniy kuranakh,45.3926,39.2364,48.99,81,0,8.95,RU,1620783095
379,maraa,-1.8333,-65.3667,72.81,98,63,1.63,BR,1620783096
380,krasnoufimsk,56.6059,57.7669,58.26,74,7,2.77,RU,1620783097
381,nyuksenitsa,60.4128,44.2397,49.73,82,43,4.09,RU,1620783099
382,lamesa,32.7376,-101.951,52.0,94,97,4.0,US,1620782947
383,ancud,-41.8697,-73.8203,50.0,93,90,5.75,CL,1620783101
384,touros,-5.1989,-35.4608,75.2,94,20,4.61,BR,1620783102
385,cornwall,45.0181,-74.7281,42.8,75,90,14.97,CA,1620783103
386,qingquan,30.4511,115.2559,74.79,75,100,3.11,CN,1620783105
387,puerto del rosario,36.5939,-6.233,59.0,72,0,5.75,ES,1620783106
388,olinda,-8.0089,-34.8553,73.4,88,75,5.75,BR,1620783107
389,namibe,-15.1961,12.1522,73.35,61,2,5.35,AO,1620783109
390,port hardy,-7.0349,29.7638,68.4,74,0,6.2,CD,1620782985
391,tamandare,-8.7597,-35.1047,75.96,88,52,7.18,BR,1620783111
392,galesong,-5.3166,119.3661,82.4,83,20,3.44,ID,1620783112
393,komsomolskiy,40.4272,71.7189,62.6,63,0,9.22,UZ,1620783114
394,clyde river,41.3042,-82.9752,46.99,55,46,9.4,US,1620783115
395,inhambane,-23.865,35.3833,68.23,78,0,2.73,MZ,1620782865
396,half moon bay,6.3807,-10.6953,75.2,94,75,4.61,LR,1620783117
397,gamba,-2.65,10.0,76.91,91,100,3.65,GA,1620783119
398,vredendal,-31.6683,18.5012,53.62,80,0,1.45,ZA,1620783120
399,lianzhou,24.7811,112.3825,79.66,88,100,3.11,CN,1620783121
400,saravan,39.7196,45.6483,50.0,76,0,6.91,AM,1620783123
401,vestmanna,62.1564,-7.1664,37.4,81,75,6.91,FO,1620783124
402,kaputa,-8.4689,29.6619,62.46,80,0,3.18,ZM,1620783125
403,ulladulla,-35.35,150.4667,64.4,72,75,4.61,AU,1620783127
404,horconcitos,8.4682,-81.8007,69.51,95,100,3.49,PA,1620783128
405,maine-soroa,13.2114,12.0241,84.97,29,5,6.69,NE,1620783129
406,rawson,-43.3002,-65.1023,57.42,37,83,7.14,AR,1620783131
407,uvat,59.1433,68.8953,50.23,70,100,10.38,RU,1620783132
408,roald,62.5833,6.1333,46.0,87,98,8.05,NO,1620783133
409,sibolga,1.7427,98.7792,83.93,73,86,1.05,ID,1620783134
410,ulaangom,49.9811,92.0667,53.31,36,97,6.89,MN,1620783136
411,policoro,40.2115,16.6726,64.99,70,100,4.0,IT,1620783137
412,cordoba,-31.4135,-64.1811,53.01,81,0,9.22,AR,1620782838
413,monte san giovanni campano,42.4687,9.3916,60.01,87,0,8.05,FR,1620783139
414,kovur,14.4833,79.9833,88.56,63,31,10.25,IN,1620783141
415,lichuan,30.3,108.85,64.2,86,100,2.46,CN,1620783142
416,uddevalla,58.3478,11.9424,50.0,93,90,10.36,SE,1620783143
417,krasnoborsk,61.5598,45.934,53.02,82,65,6.06,RU,1620783145
418,harper,4.375,-7.7169,79.83,76,100,7.23,LR,1620783146
419,vuktyl,63.8567,57.3094,47.73,90,100,8.68,RU,1620783147
420,rio gallegos,38.3,21.7833,55.4,94,0,2.57,GR,1620783044
421,zyryanka,65.75,150.85,33.1,71,100,3.62,RU,1620783150
422,lubu,23.1742,112.2809,84.0,1,21,4.97,CN,1620783151
423,broome,42.2506,-75.833,42.8,52,1,12.66,US,1620783152
424,razdolinsk,58.4211,94.6658,46.38,41,5,5.95,RU,1620783153
425,honiara,-9.4333,159.95,84.15,75,68,4.21,SB,1620783155
426,purpe,64.4803,76.6897,35.01,92,80,17.69,RU,1620783156
427,plettenberg bay,51.2167,7.8833,51.01,73,100,6.33,DE,1620783157
428,tucuman,-26.8241,-65.2226,50.0,93,18,5.75,AR,1620783088
429,qianguo,45.1171,124.8568,67.64,21,0,26.35,CN,1620783160
430,narsaq,60.9167,-46.05,42.8,45,75,3.44,GL,1620783161
431,pierre,44.3683,-100.351,57.2,33,1,8.05,US,1620783162
432,bud,39.447,-86.1758,50.0,68,100,9.62,US,1620783164
433,santa teresa,17.486,120.4348,91.22,56,0,7.61,PH,1620783165
434,misasi,-3.0,33.0833,68.0,88,40,3.71,TZ,1620783166
435,hirara,24.8,125.2833,84.2,83,20,23.02,JP,1620783168
436,fayaoue,-20.65,166.5333,77.95,81,90,20.51,NC,1620783169
437,mount isa,53.6597,-1.8537,43.0,96,65,1.74,GB,1620783170
438,kamenka,51.3223,42.7678,42.64,85,100,8.7,RU,1620783172
439,kahului,20.8947,-156.47,82.4,51,20,24.16,US,1620783087
440,bosaso,11.2842,49.1816,86.4,64,100,5.61,SO,1620783146
441,niquero,20.0431,-77.5828,79.36,79,39,6.17,CU,1620783175
442,tiksi,71.6872,128.8694,23.97,86,56,3.89,RU,1620783176
443,chapais,49.7834,-74.8492,48.2,43,75,2.3,CA,1620783178
444,roseau,15.3017,-61.3881,79.16,76,57,13.51,DM,1620783179
445,dossor,47.5272,52.9811,65.48,56,84,16.69,KZ,1620783180
446,mackay,-21.15,149.2,81.0,83,36,11.5,AU,1620783007
447,geraldton,-28.7667,114.6,68.0,60,9,8.05,AU,1620783183
448,talcahuano,-36.7167,-73.1167,51.8,82,100,3.44,CL,1620783184
449,skowhegan,44.7651,-69.7192,46.99,64,6,6.64,US,1620782978
450,bambanglipuro,-7.95,110.2833,84.45,69,81,8.95,ID,1620783185
451,strezhevoy,60.7333,77.5889,48.2,76,20,4.47,RU,1620783188
452,puerto narino,36.5939,-6.233,59.0,72,0,5.75,ES,1620783106
453,nuzvid,16.7833,80.85,77.0,94,40,4.61,IN,1620783190
454,micheweni,-4.9667,39.8333,76.55,77,10,12.44,TZ,1620783192
455,palauig,15.435,119.9045,88.97,59,7,4.03,PH,1620783193
456,kulunda,52.566,78.9385,58.23,45,3,14.09,RU,1620783194
457,tadine,-21.55,167.8833,78.03,73,68,18.23,NC,1620783195
458,portland,45.5234,-122.6762,75.99,28,75,8.05,US,1620782680
459,springbok,-29.6643,17.8865,57.29,30,0,0.72,ZA,1620783198
460,chateaubelair,13.2833,-61.25,78.8,78,75,14.97,VC,1620783199
461,hals,56.9961,10.3081,50.0,93,90,9.22,DK,1620783200
462,faya,18.3851,42.4509,66.2,42,20,3.83,SA,1620783202
463,celestun,20.8667,-90.4,86.16,63,81,15.97,MX,1620783203
464,lovington,32.944,-103.3485,53.01,81,12,4.0,US,1620783204
465,havre-saint-pierre,50.2334,-63.5986,42.8,75,90,6.91,CA,1620783205
466,maba,24.6841,113.5984,84.61,72,100,5.21,CN,1620783207
467,salinopolis,-0.6136,-47.3561,77.18,87,93,4.85,BR,1620783208
468,pevek,69.7008,170.3133,22.64,83,100,0.11,RU,1620783209
469,camocim,-2.9022,-40.8411,76.26,89,100,7.29,BR,1620783211
470,solnechnyy,50.7214,136.6319,57.67,39,10,10.2,RU,1620783212
471,qostanay,53.1667,63.5833,50.0,76,0,8.95,KZ,1620783213
472,mahebourg,-20.4081,57.7,69.8,94,40,3.44,MU,1620783214
473,karema,-6.8205,30.4389,66.92,76,0,4.61,TZ,1620783216
474,aksarka,66.5606,67.7975,42.46,84,58,11.34,RU,1620783217
475,chlorakas,34.8042,32.4083,60.8,63,0,5.75,CY,1620783218
476,blackwater,-23.5833,148.8833,82.06,50,0,7.92,AU,1620783220
477,buraydah,26.326,43.975,82.4,32,20,8.05,SA,1620783221
478,penzance,50.1186,-5.5371,48.99,87,2,10.36,GB,1620783222
479,mecca,21.4267,39.8261,81.64,46,0,3.29,SA,1620782960
480,talara,-4.5772,-81.2719,69.82,78,3,17.94,PE,1620783015
481,pozoblanco,38.3791,-4.8483,51.8,82,0,4.61,ES,1620783226
482,hualmay,-11.0964,-77.6139,66.2,81,8,8.28,PE,1620783227
483,iskateley,67.6803,53.1512,43.59,97,100,11.77,RU,1620783228
484,zabol,32.25,67.25,64.22,35,0,2.75,AF,1620783230
485,anan,33.9167,134.65,62.6,77,90,5.75,JP,1620783231
486,ostrovnoy,68.0531,39.5131,41.7,97,100,12.59,RU,1620783232
487,kajaani,64.2273,27.7285,42.8,100,44,2.3,FI,1620783012
488,soe,-9.8607,124.284,76.78,58,12,8.3,ID,1620783235
489,kungurtug,50.5994,97.5228,48.6,36,85,1.19,RU,1620783236
490,muros,42.7762,-9.0603,59.0,79,7,21.0,ES,1620783237
491,hunchun,42.8675,130.3581,57.56,60,100,11.34,CN,1620783238
492,pouembout,-21.1333,164.9,83.57,61,96,6.93,NC,1620783240
493,tabora,-5.0167,32.8,68.0,94,40,2.98,TZ,1620783241
494,dauphin,51.1494,-100.0502,66.2,16,1,12.66,CA,1620783242
495,maneadero,31.7167,-116.5667,64.99,73,0,3.0,MX,1620783244
496,yomou,7.5603,-9.2653,71.29,98,73,1.72,GN,1620783245
497,calatayud,41.3535,-1.6432,55.4,58,0,3.44,ES,1620783247
498,udachnyy,66.4167,112.4,29.07,76,17,6.67,RU,1620783200
499,disna,55.568,28.1971,49.57,95,31,6.73,BY,1620783249
500,trois-rivieres,46.3501,-72.5491,48.2,87,99,3.44,CA,1620783017
501,polovinnoye,54.7914,65.9864,59.09,42,39,7.58,RU,1620783251
502,port shepstone,-7.0349,29.7638,68.47,72,0,5.64,CD,1620783078
503,tonantins,-2.8731,-67.8022,73.47,96,96,2.46,BR,1620783254
504,esperance,-33.8667,121.9,64.4,59,75,12.66,AU,1620783255
505,boende,-0.2167,20.8667,72.01,88,100,0.18,CD,1620783256
506,adeje,28.1227,-16.726,68.0,63,20,13.8,ES,1620783258
507,comodoro rivadavia,-13.6631,-59.7858,67.26,69,9,4.41,BR,1620783259
508,necochea,-38.5473,-58.7368,47.97,59,0,8.72,AR,1620783260
509,bixby,35.942,-95.8833,55.4,76,90,5.75,US,1620783262
510,mareeba,-17.0,145.4333,88.0,65,40,5.75,AU,1620783263
511,floro,61.5996,5.0328,44.01,86,100,1.01,NO,1620783264
512,chimichagua,9.2578,-73.8123,80.24,77,93,2.37,CO,1620783266
513,hokitika,-42.7167,170.9667,55.62,43,5,6.55,NZ,1620783267
514,rochegda,62.8,43.25,54.72,80,100,5.7,RU,1620783268
515,saint-louis,16.3333,-15.0,93.2,22,3,2.3,SN,1620783270
516,shar,49.5886,81.0453,53.13,57,86,14.07,KZ,1620783271
517,sakaiminato,35.55,133.2333,64.4,72,75,14.97,JP,1620783272
518,ushtobe,45.2514,77.9838,60.19,55,58,14.34,KZ,1620783273
519,senneterre,48.3835,-77.2328,50.0,50,40,16.11,CA,1620783275
520,makasar,-5.14,119.4221,82.4,83,20,3.44,ID,1620783276
521,iracoubo,5.4802,-53.2011,78.04,84,97,10.54,GF,1620783277
522,atar,20.5169,-13.0499,83.12,12,0,11.34,MR,1620783279
523,phan rang,19.5539,99.7405,86.0,88,40,3.44,TH,1620783280
524,okhotsk,59.3833,143.3,39.11,68,70,7.0,RU,1620783281
525,bilma,18.6853,12.9164,90.05,10,1,3.47,NE,1620783283
526,shabo,46.1326,30.386,55.4,88,0,8.95,UA,1620783284
527,lieksa,63.3167,30.0167,46.99,93,45,8.1,FI,1620783285
528,banda aceh,25.4833,80.3333,93.9,24,13,1.32,IN,1620783287
529,greenville,35.6127,-77.3663,62.01,77,1,4.99,US,1620783023
530,skibbereen,51.55,-9.2667,46.4,93,75,9.22,IE,1620783289
531,carauari,-4.8828,-66.8958,73.94,97,100,2.08,BR,1620783237
532,saposoa,-6.934,-76.7716,77.0,83,20,2.75,PE,1620783291
533,majene,-3.5403,118.9707,84.54,72,5,8.9,ID,1620783293
534,barcelos,41.5388,-8.6151,59.0,94,75,13.8,PT,1620783294
535,khandyga,62.6667,135.6,47.3,83,100,7.16,RU,1620783295
536,winnemucca,40.973,-117.7357,71.6,8,1,9.22,US,1620783016
537,fuxin,42.0156,121.6589,70.54,23,94,7.4,CN,1620783297
538,novoagansk,61.9449,76.6625,43.38,84,99,14.2,RU,1620783299
539,prince rupert,52.9669,-108.3847,62.6,27,20,8.05,CA,1620783300
540,pringsewu,-5.3582,104.9744,85.48,68,80,2.19,ID,1620783302
541,berezovyy,51.6667,135.7,61.21,38,12,6.6,RU,1620783304
542,roberto payan,-21.2567,-48.9751,73.4,49,0,4.29,BR,1620783305
543,jishui,33.7333,115.4,77.11,53,12,5.77,CN,1620783306
544,aksha,50.2814,113.2867,54.79,31,0,15.93,RU,1620783308
545,bollnas,61.3482,16.3946,43.0,98,100,2.71,SE,1620783309
546,high level,33.6123,-95.7472,57.0,100,90,12.66,US,1620783310
547,norrtalje,59.758,18.705,51.01,76,0,9.22,SE,1620783312
548,dingle,10.9995,122.6711,87.57,64,97,12.73,PH,1620783313
549,bougouni,11.417,-7.479,82.63,55,98,4.94,ML,1620783314
550,darhan,49.4867,105.9228,54.43,36,7,9.44,MN,1620783263
551,tabas,33.5959,56.9244,76.82,29,100,2.28,IR,1620783317
552,mahanoro,-19.9,48.8,68.49,91,27,7.18,MG,1620783318
553,milton,34.1322,-84.3007,66.0,87,100,4.0,US,1620783319
554,panguna,-6.3164,155.4848,79.77,67,96,2.1,PG,1620783321
555,lubumbashi,-11.6609,27.4794,50.95,84,0,3.65,CD,1620783318
556,hornepayne,49.2138,-84.7705,39.97,64,10,3.65,CA,1620783323
557,shakiso,5.75,38.9167,60.12,98,100,2.13,ET,1620783324
558,kilifi,-3.6305,39.8499,75.2,83,20,4.61,KE,1620783326
559,pimentel,-6.8367,-79.9342,68.0,68,0,19.57,PE,1620783327
560,tautira,-17.7333,-149.15,86.0,62,75,4.61,PF,1620783328
561,liverpool,53.4106,-2.9779,48.2,93,75,1.14,GB,1620783329
562,kota,25.1833,75.8333,90.37,29,70,11.79,IN,1620783331
563,semenivka,52.1783,32.5818,41.13,94,1,9.44,UA,1620783332
564,mandalgovi,45.7625,106.2708,45.05,35,100,11.59,MN,1620783333
565,merignac,44.8325,-0.6338,51.01,87,0,3.44,FR,1620783335
566,coos bay,43.1665,-124.0015,60.01,76,1,25.32,US,1620783336
567,jalpa,21.6333,-102.9667,69.8,56,75,17.27,MX,1620783337
568,tiznit,29.5833,-9.5,59.97,58,2,1.88,MA,1620783339
